Date,Open,High,Low,Close,Adj Close,Volume,Ticker,Sector
2023-01-02,365.55999755859375,366.6000061035156,363.2900085449219,365.010009765625,363.890869140625,5625005,KOTAKBANK,Banking
2023-01-03,364.45001220703125,367.29998779296875,364.20001220703125,366.57000732421875,365.4460754394531,8317240,KOTAKBANK,Banking
2023-01-04,366.9800109863281,366.9800109863281,362.7900085449219,364.1499938964844,363.0334777832031,8320520,KOTAKBANK,Banking
2023-01-05,364.0,366.55999755859375,361.2300109863281,364.05999755859375,362.9437561035156,8663090,KOTAKBANK,Banking
2023-01-06,365.20001220703125,365.20001220703125,354.1300048828125,357.3599853515625,356.2643127441406,18998275,KOTAKBANK,Banking
2023-01-09,360.20001220703125,363.20001220703125,357.79998779296875,362.3800048828125,361.2689514160156,17134340,KOTAKBANK,Banking
2023-01-10,361.7099914550781,363.20001220703125,357.7799987792969,359.1099853515625,358.0089111328125,7370655,KOTAKBANK,Banking
2023-01-11,360.0,360.8299865722656,356.82000732421875,360.3699951171875,359.2651062011719,8018505,KOTAKBANK,Banking
2023-01-12,361.3999938964844,361.3999938964844,354.4800109863281,355.8999938964844,354.80877685546875,17648025,KOTAKBANK,Banking
2023-01-13,355.8999938964844,357.4599914550781,351.79998779296875,356.05999755859375,354.9682922363281,19915985,KOTAKBANK,Banking
2023-01-16,357.3999938964844,359.79998779296875,356.0,356.9599914550781,355.8655090332031,10590805,KOTAKBANK,Banking
2023-01-17,356.0,360.3900146484375,355.32000732421875,359.5299987792969,358.42767333984375,10661970,KOTAKBANK,Banking
2023-01-18,360.5899963378906,365.3999938964844,359.20001220703125,359.82000732421875,358.7167663574219,14176160,KOTAKBANK,Banking
2023-01-19,360.70001220703125,360.70001220703125,353.0,353.4599914550781,352.3762512207031,22128220,KOTAKBANK,Banking
2023-01-20,355.7799987792969,355.7799987792969,351.3999938964844,352.5799865722656,351.4989318847656,21351470,KOTAKBANK,Banking
2023-01-23,358.0,359.92999267578125,354.0,356.75,355.65618896484375,38823135,KOTAKBANK,Banking
2023-01-24,358.5400085449219,358.5400085449219,349.75,352.04998779296875,350.9705505371094,20795940,KOTAKBANK,Banking
2023-01-25,351.3999938964844,352.0799865722656,346.6000061035156,349.9599914550781,348.8869934082031,21401665,KOTAKBANK,Banking
2023-01-27,350.4200134277344,350.4200134277344,340.79998779296875,342.6199951171875,341.56951904296875,37584895,KOTAKBANK,Banking
2023-01-30,342.6199951171875,346.1199951171875,336.7699890136719,345.25,344.1914367675781,24697780,KOTAKBANK,Banking
2023-01-31,346.1000061035156,347.7200012207031,342.6099853515625,346.20001220703125,345.1385498046875,21926920,KOTAKBANK,Banking
2023-02-01,349.0,356.79998779296875,344.1499938964844,348.94000244140625,347.8701477050781,18260490,KOTAKBANK,Banking
2023-02-02,344.0,353.6000061035156,344.0,352.3500061035156,351.2696533203125,20922350,KOTAKBANK,Banking
2023-02-03,354.1199951171875,356.739990234375,349.0400085449219,356.05999755859375,354.9682922363281,13376060,KOTAKBANK,Banking
2023-02-06,355.0,355.6499938964844,348.0,349.3999938964844,348.3287048339844,15201045,KOTAKBANK,Banking
2023-02-07,350.44000244140625,356.0,349.4100036621094,355.0799865722656,353.9913024902344,18215935,KOTAKBANK,Banking
2023-02-08,355.760009765625,356.0,352.2200012207031,353.1000061035156,352.01739501953125,7233450,KOTAKBANK,Banking
2023-02-09,353.5899963378906,355.0400085449219,349.5899963378906,354.17999267578125,353.09405517578125,10819125,KOTAKBANK,Banking
2023-02-10,353.5799865722656,355.7300109863281,353.0,354.4100036621094,353.3233947753906,7229710,KOTAKBANK,Banking
2023-02-13,355.0199890136719,356.8900146484375,352.3299865722656,354.760009765625,353.67230224609375,11945710,KOTAKBANK,Banking
2023-02-14,354.0,355.3999938964844,352.75,354.07000732421875,352.9844055175781,8074465,KOTAKBANK,Banking
2023-02-15,353.69000244140625,358.0,352.04998779296875,357.1000061035156,356.005126953125,12046460,KOTAKBANK,Banking
2023-02-16,358.79998779296875,360.7799987792969,356.7099914550781,357.5899963378906,356.49359130859375,11458010,KOTAKBANK,Banking
2023-02-17,356.6199951171875,358.2799987792969,350.2099914550781,351.8500061035156,350.7712097167969,12939545,KOTAKBANK,Banking
2023-02-20,353.6099853515625,353.6099853515625,346.0199890136719,347.4599914550781,346.3946533203125,16124195,KOTAKBANK,Banking
2023-02-21,349.0,349.0,345.010009765625,346.0400085449219,344.9790344238281,14684670,KOTAKBANK,Banking
2023-02-22,344.7900085449219,345.2200012207031,339.6000061035156,340.1099853515625,339.0672302246094,17695745,KOTAKBANK,Banking
2023-02-23,341.4800109863281,342.75,337.54998779296875,341.42999267578125,340.3831481933594,13850550,KOTAKBANK,Banking
2023-02-24,342.6000061035156,344.8500061035156,338.79998779296875,339.4599914550781,338.419189453125,10401815,KOTAKBANK,Banking
2023-02-27,339.6600036621094,345.9599914550781,338.1600036621094,345.19000244140625,344.1316223144531,11718990,KOTAKBANK,Banking
2023-02-28,345.19000244140625,348.2799987792969,344.3299865722656,345.8500061035156,344.78961181640625,21975490,KOTAKBANK,Banking
2023-03-01,345.8500061035156,350.1199951171875,345.20001220703125,348.9800109863281,347.9100036621094,28066930,KOTAKBANK,Banking
2023-03-02,347.1199951171875,349.2699890136719,343.6000061035156,344.3399963378906,343.28424072265625,20599675,KOTAKBANK,Banking
2023-03-03,346.3999938964844,353.0,343.9800109863281,350.20001220703125,349.12628173828125,18131345,KOTAKBANK,Banking
2023-03-06,351.260009765625,352.9200134277344,348.2900085449219,350.20001220703125,349.12628173828125,25934230,KOTAKBANK,Banking
2023-03-08,347.20001220703125,348.8599853515625,345.3699951171875,348.0400085449219,346.972900390625,26013040,KOTAKBANK,Banking
2023-03-09,347.8599853515625,348.9100036621094,342.739990234375,343.3399963378906,342.2873229980469,34641580,KOTAKBANK,Banking
2023-03-10,341.3999938964844,342.70001220703125,338.3999938964844,339.8599853515625,338.8179626464844,24380720,KOTAKBANK,Banking
2023-03-13,339.79998779296875,344.6600036621094,333.239990234375,334.7799987792969,333.7535400390625,44894690,KOTAKBANK,Banking
2023-03-14,334.6000061035156,335.510009765625,328.70001220703125,329.6499938964844,328.6392822265625,70694930,KOTAKBANK,Banking
2023-03-15,333.6000061035156,337.6000061035156,332.32000732421875,333.19000244140625,332.1684265136719,23461815,KOTAKBANK,Banking
2023-03-16,334.0,335.7699890136719,329.6400146484375,332.7099914550781,331.68988037109375,18160315,KOTAKBANK,Banking
2023-03-17,335.9200134277344,341.239990234375,334.2300109863281,338.6199951171875,337.581787109375,44641505,KOTAKBANK,Banking
2023-03-20,337.3999938964844,340.5899963378906,336.2099914550781,339.92999267578125,338.8877258300781,22319685,KOTAKBANK,Banking
2023-03-21,341.510009765625,342.3900146484375,338.3999938964844,341.3699951171875,340.3233337402344,9025900,KOTAKBANK,Banking
2023-03-22,342.0,342.6400146484375,338.4200134277344,341.0299987792969,339.9844055175781,16630495,KOTAKBANK,Banking
2023-03-23,339.8299865722656,340.0,335.0,335.94000244140625,334.9100036621094,28210755,KOTAKBANK,Banking
2023-03-24,335.2099914550781,341.7900085449219,335.0,338.42999267578125,337.3923645019531,27403045,KOTAKBANK,Banking
2023-03-27,340.1300048828125,342.57000732421875,338.6199951171875,341.0400085449219,339.9943542480469,14186020,KOTAKBANK,Banking
2023-03-28,341.7900085449219,341.9599914550781,337.0899963378906,339.7799987792969,338.7381896972656,11858260,KOTAKBANK,Banking
2023-03-29,340.0199890136719,345.3999938964844,339.0,344.2099914550781,343.15460205078125,14105000,KOTAKBANK,Banking
2023-03-31,345.1000061035156,348.1300048828125,344.20001220703125,346.57000732421875,345.5074157714844,17828775,KOTAKBANK,Banking
2023-04-03,346.79998779296875,350.44000244140625,346.6400146484375,349.1400146484375,348.0695495605469,12184330,KOTAKBANK,Banking
2023-04-05,349.0,351.94000244140625,347.80999755859375,350.3800048828125,349.3056945800781,12631750,KOTAKBANK,Banking
2023-04-06,350.0,352.2900085449219,347.8699951171875,351.4200134277344,350.342529296875,7786775,KOTAKBANK,Banking
2023-04-10,351.42999267578125,353.6000061035156,349.92999267578125,351.8599853515625,350.78118896484375,6265855,KOTAKBANK,Banking
2023-04-11,369.44000244140625,371.79998779296875,365.20001220703125,369.29998779296875,368.16766357421875,46468815,KOTAKBANK,Banking
2023-04-12,368.3999938964844,370.19000244140625,366.29998779296875,368.80999755859375,367.6792297363281,17043565,KOTAKBANK,Banking
2023-04-13,367.6000061035156,374.8599853515625,366.20001220703125,373.8999938964844,372.75360107421875,14620580,KOTAKBANK,Banking
2023-04-17,377.7900085449219,382.760009765625,365.2200012207031,379.0299987792969,377.86785888671875,51771495,KOTAKBANK,Banking
2023-04-18,380.19000244140625,380.9200134277344,377.17999267578125,377.6600036621094,376.5020751953125,14863605,KOTAKBANK,Banking
2023-04-19,377.6600036621094,377.6700134277344,375.2300109863281,376.9800109863281,375.8241882324219,9383280,KOTAKBANK,Banking
2023-04-20,376.8599853515625,380.67999267578125,374.4100036621094,376.79998779296875,375.64471435546875,11613885,KOTAKBANK,Banking
2023-04-21,376.3999938964844,380.7300109863281,375.42999267578125,378.7300109863281,377.5688171386719,8356705,KOTAKBANK,Banking
2023-04-24,378.0400085449219,380.3999938964844,375.510009765625,379.45001220703125,378.2865905761719,10087030,KOTAKBANK,Banking
2023-04-25,380.3999938964844,381.3999938964844,375.3999938964844,377.8599853515625,376.7014465332031,23692095,KOTAKBANK,Banking
2023-04-26,375.5,378.8800048828125,372.6700134277344,375.7200012207031,374.5680236816406,15797590,KOTAKBANK,Banking
2023-04-27,375.3800048828125,382.6000061035156,375.3699951171875,381.7200012207031,380.54962158203125,25306465,KOTAKBANK,Banking
2023-04-28,381.20001220703125,388.6600036621094,379.2200012207031,387.6099853515625,386.4215393066406,21838060,KOTAKBANK,Banking
2023-05-02,383.6000061035156,387.489990234375,378.0,384.2300109863281,383.05194091796875,23028855,KOTAKBANK,Banking
2023-05-03,383.79998779296875,386.7699890136719,382.5400085449219,386.19000244140625,385.00592041015625,17245035,KOTAKBANK,Banking
2023-05-04,385.989990234375,390.2200012207031,384.3500061035156,389.5199890136719,388.3257141113281,17257895,KOTAKBANK,Banking
2023-05-05,390.42999267578125,394.79998779296875,383.1000061035156,385.739990234375,384.55731201171875,17421090,KOTAKBANK,Banking
2023-05-08,387.17999267578125,393.70001220703125,384.20001220703125,391.7699890136719,390.56878662109375,19354705,KOTAKBANK,Banking
2023-05-09,392.9700012207031,394.0,389.6300048828125,390.8599853515625,389.6615905761719,18115375,KOTAKBANK,Banking
2023-05-10,392.0,392.79998779296875,386.3299865722656,391.739990234375,390.53887939453125,19562195,KOTAKBANK,Banking
2023-05-11,394.0,396.0,390.3699951171875,391.5899963378906,390.3893737792969,22059120,KOTAKBANK,Banking
2023-05-12,390.79998779296875,393.6000061035156,388.7300109863281,392.1199951171875,390.9177551269531,16085405,KOTAKBANK,Banking
2023-05-15,391.4100036621094,395.3999938964844,390.4800109863281,394.6000061035156,393.3901672363281,14858460,KOTAKBANK,Banking
2023-05-16,395.6000061035156,395.6000061035156,387.6000061035156,389.4100036621094,388.2160339355469,22847485,KOTAKBANK,Banking
2023-05-17,389.9599914550781,390.17999267578125,379.1099853515625,381.8299865722656,380.6592712402344,27410085,KOTAKBANK,Banking
2023-05-18,384.79998779296875,386.7300109863281,382.239990234375,385.4800109863281,384.298095703125,20726140,KOTAKBANK,Banking
2023-05-19,386.0,389.3699951171875,384.70001220703125,388.3299865722656,387.1393737792969,19734635,KOTAKBANK,Banking
2023-05-22,389.0,390.5,384.7300109863281,388.0400085449219,386.8502502441406,17004400,KOTAKBANK,Banking
2023-05-23,388.0400085449219,388.0400085449219,383.0,384.29998779296875,383.1217041015625,21677620,KOTAKBANK,Banking
2023-05-24,384.3900146484375,388.0,379.4800109863281,382.07000732421875,380.8985595703125,17787685,KOTAKBANK,Banking
2023-05-25,383.6000061035156,386.7099914550781,381.510009765625,385.989990234375,384.8065185546875,29833785,KOTAKBANK,Banking
2023-05-26,389.989990234375,389.989990234375,384.70001220703125,389.010009765625,387.8172607421875,16477060,KOTAKBANK,Banking
2023-05-29,392.6199951171875,394.6600036621094,389.6499938964844,390.6400146484375,389.4422912597656,18877545,KOTAKBANK,Banking
2023-05-30,391.57000732421875,395.82000732421875,390.4700012207031,394.94000244140625,393.7291259765625,37148525,KOTAKBANK,Banking
2023-05-31,396.989990234375,412.8800048828125,390.7799987792969,402.8699951171875,401.634765625,442990630,KOTAKBANK,Banking
2023-06-01,393.6000061035156,395.8299865722656,385.0,386.010009765625,384.82647705078125,29837160,KOTAKBANK,Banking
2023-06-02,388.989990234375,390.2699890136719,385.6000061035156,387.75,386.5611267089844,17790360,KOTAKBANK,Banking
2023-06-05,389.0,390.29998779296875,384.45001220703125,384.9800109863281,383.7996520996094,12029545,KOTAKBANK,Banking
2023-06-06,386.9800109863281,393.2799987792969,386.0299987792969,391.80999755859375,390.60870361328125,20564205,KOTAKBANK,Banking
2023-06-07,394.3999938964844,394.3999938964844,387.20001220703125,387.8800048828125,386.6907653808594,15502070,KOTAKBANK,Banking
2023-06-08,387.3800048828125,387.3800048828125,375.9100036621094,377.29998779296875,376.1431579589844,27458070,KOTAKBANK,Banking
2023-06-09,372.3999938964844,379.5400085449219,372.1400146484375,374.3999938964844,373.2520446777344,70984620,KOTAKBANK,Banking
2023-06-12,374.9700012207031,376.79998779296875,372.8900146484375,375.8900146484375,374.7375183105469,14075865,KOTAKBANK,Banking
2023-06-13,375.07000732421875,376.6000061035156,370.3999938964844,371.19000244140625,370.05194091796875,47809135,KOTAKBANK,Banking
2023-06-14,371.19000244140625,373.5899963378906,369.2799987792969,372.92999267578125,371.78656005859375,27892715,KOTAKBANK,Banking
2023-06-15,373.5899963378906,373.79998779296875,365.739990234375,366.70001220703125,365.57568359375,24190940,KOTAKBANK,Banking
2023-06-16,367.3900146484375,372.3299865722656,366.6000061035156,371.4800109863281,370.3410339355469,15988285,KOTAKBANK,Banking
2023-06-19,372.7699890136719,373.69000244140625,363.6000061035156,364.9100036621094,363.7911682128906,38049565,KOTAKBANK,Banking
2023-06-20,364.0,369.3999938964844,363.05999755859375,368.79998779296875,367.6692199707031,23114525,KOTAKBANK,Banking
2023-06-21,369.4100036621094,369.95001220703125,367.2200012207031,369.1099853515625,367.978271484375,11995540,KOTAKBANK,Banking
2023-06-22,369.1099853515625,369.4599914550781,366.0799865722656,367.2200012207031,366.0940856933594,17141050,KOTAKBANK,Banking
2023-06-23,366.6000061035156,369.1099853515625,364.7799987792969,365.7099914550781,364.5887145996094,12920315,KOTAKBANK,Banking
2023-06-26,366.3900146484375,366.3900146484375,363.9800109863281,364.5899963378906,363.4721374511719,11068395,KOTAKBANK,Banking
2023-06-27,365.5400085449219,369.3999938964844,364.1300048828125,368.94000244140625,367.8088073730469,10693325,KOTAKBANK,Banking
2023-06-28,369.20001220703125,369.6199951171875,365.8800048828125,368.1099853515625,366.9813232421875,26699910,KOTAKBANK,Banking
2023-06-30,369.5799865722656,370.1099853515625,366.5899963378906,369.30999755859375,368.17767333984375,19673600,KOTAKBANK,Banking
2023-07-03,371.20001220703125,371.79998779296875,367.6000061035156,368.7900085449219,367.6592712402344,16042700,KOTAKBANK,Banking
2023-07-04,370.0,373.6700134277344,367.2099914550781,372.3399963378906,371.1983947753906,32877935,KOTAKBANK,Banking
2023-07-05,372.55999755859375,373.55999755859375,370.6300048828125,372.9700012207031,371.82647705078125,15595925,KOTAKBANK,Banking
2023-07-06,372.0,376.57000732421875,371.80999755859375,375.4599914550781,374.3088073730469,18271205,KOTAKBANK,Banking
2023-07-07,374.3999938964844,374.8800048828125,370.1000061035156,370.70001220703125,369.56341552734375,10382720,KOTAKBANK,Banking
2023-07-10,370.6000061035156,374.8699951171875,369.0,373.3800048828125,372.2351989746094,17187710,KOTAKBANK,Banking
2023-07-11,374.79998779296875,378.760009765625,372.6600036621094,373.32000732421875,372.1753845214844,20483785,KOTAKBANK,Banking
2023-07-12,374.9800109863281,378.17999267578125,373.5799865722656,375.6199951171875,374.46832275390625,21775415,KOTAKBANK,Banking
2023-07-13,377.79998779296875,380.32000732421875,373.2900085449219,373.94000244140625,372.7934875488281,26326850,KOTAKBANK,Banking
2023-07-14,374.0199890136719,377.4700012207031,372.0,373.79998779296875,372.6539001464844,35659580,KOTAKBANK,Banking
2023-07-17,374.239990234375,379.8900146484375,373.3299865722656,379.4100036621094,378.2467041015625,16649280,KOTAKBANK,Banking
2023-07-18,379.07000732421875,381.6000061035156,375.8699951171875,378.1700134277344,377.0105285644531,28978225,KOTAKBANK,Banking
2023-07-19,378.9599914550781,383.0,378.30999755859375,381.32000732421875,380.1508483886719,16888935,KOTAKBANK,Banking
2023-07-20,380.20001220703125,392.4800109863281,378.5799865722656,391.3800048828125,390.17999267578125,46527925,KOTAKBANK,Banking
2023-07-21,390.3800048828125,397.54998779296875,390.1199951171875,394.0400085449219,392.8318786621094,19248750,KOTAKBANK,Banking
2023-07-24,390.0,390.0,377.6400146484375,379.45001220703125,378.2865905761719,35165465,KOTAKBANK,Banking
2023-07-25,380.20001220703125,380.3999938964844,371.2900085449219,375.1000061035156,373.9499206542969,39724580,KOTAKBANK,Banking
2023-07-26,376.0,379.5799865722656,375.1300048828125,379.05999755859375,377.89776611328125,12310365,KOTAKBANK,Banking
2023-07-27,377.79998779296875,380.5199890136719,372.510009765625,374.75,373.60101318359375,31450005,KOTAKBANK,Banking
2023-07-28,373.9200134277344,377.1600036621094,372.2200012207031,375.3699951171875,374.2190856933594,11510165,KOTAKBANK,Banking
2023-07-31,373.20001220703125,375.0,369.8299865722656,371.30999755859375,370.1715087890625,20126035,KOTAKBANK,Banking
2023-08-01,370.0,373.1499938964844,368.8800048828125,370.0,368.8655700683594,22339710,KOTAKBANK,Banking
2023-08-02,368.1099853515625,369.5799865722656,363.6099853515625,364.739990234375,363.6216735839844,20902255,KOTAKBANK,Banking
2023-08-03,364.0199890136719,366.7699890136719,361.1700134277344,364.6499938964844,363.5319519042969,35076460,KOTAKBANK,Banking
2023-08-04,365.79998779296875,368.55999755859375,362.2300109863281,367.70001220703125,366.8744812011719,27217660,KOTAKBANK,Banking
2023-08-07,369.0,369.0,365.2799987792969,366.30999755859375,365.4875793457031,18541550,KOTAKBANK,Banking
2023-08-08,366.29998779296875,368.5299987792969,364.4100036621094,365.6000061035156,364.7791748046875,20448115,KOTAKBANK,Banking
2023-08-09,366.79998779296875,366.79998779296875,363.3500061035156,366.29998779296875,365.4775695800781,13121620,KOTAKBANK,Banking
2023-08-10,365.1499938964844,366.4800109863281,359.20001220703125,360.1700134277344,359.3613586425781,25560495,KOTAKBANK,Banking
2023-08-11,359.6000061035156,360.0,356.3999938964844,358.2900085449219,357.4855651855469,21328080,KOTAKBANK,Banking
2023-08-14,357.79998779296875,360.4700012207031,357.0,358.82000732421875,358.0143737792969,16499595,KOTAKBANK,Banking
2023-08-16,357.3999938964844,357.9700012207031,355.5,357.239990234375,356.43792724609375,9419700,KOTAKBANK,Banking
2023-08-17,356.3999938964844,357.4800109863281,352.6000061035156,353.1400146484375,352.3471374511719,25658695,KOTAKBANK,Banking
2023-08-18,351.4200134277344,353.67999267578125,349.29998779296875,350.1600036621094,349.37384033203125,20566460,KOTAKBANK,Banking
2023-08-21,350.20001220703125,354.5199890136719,349.7699890136719,352.07000732421875,351.279541015625,19777340,KOTAKBANK,Banking
2023-08-22,353.79998779296875,354.3999938964844,351.69000244140625,352.6199951171875,351.82830810546875,16644060,KOTAKBANK,Banking
2023-08-23,353.9599914550781,356.3800048828125,350.79998779296875,356.010009765625,355.210693359375,16691425,KOTAKBANK,Banking
2023-08-24,357.79998779296875,359.79998779296875,355.25,356.19000244140625,355.3902893066406,20618955,KOTAKBANK,Banking
2023-08-25,354.239990234375,357.8699951171875,353.3999938964844,355.7699890136719,354.9712219238281,10216750,KOTAKBANK,Banking
2023-08-28,355.7699890136719,359.32000732421875,354.92999267578125,358.07000732421875,357.2660827636719,9902680,KOTAKBANK,Banking
2023-08-29,359.3900146484375,359.510009765625,355.79998779296875,356.6199951171875,355.8193054199219,13543460,KOTAKBANK,Banking
2023-08-30,358.20001220703125,358.5899963378906,353.0,354.9800109863281,354.1830139160156,12979480,KOTAKBANK,Banking
2023-08-31,354.9800109863281,356.760009765625,350.8599853515625,351.75,350.96026611328125,41570050,KOTAKBANK,Banking
2023-09-01,352.7799987792969,355.9200134277344,350.8699951171875,354.2200012207031,353.4247131347656,13476050,KOTAKBANK,Banking
2023-09-04,355.4800109863281,357.79998779296875,351.4599914550781,352.44000244140625,351.6487121582031,23488415,KOTAKBANK,Banking
2023-09-05,353.0,356.6000061035156,352.6199951171875,354.2099914550781,353.41473388671875,21286715,KOTAKBANK,Banking
2023-09-06,354.20001220703125,355.3999938964844,352.0400085449219,354.05999755859375,353.26507568359375,31101115,KOTAKBANK,Banking
2023-09-07,355.0,358.4700012207031,353.4599914550781,357.79998779296875,356.9966735839844,11040445,KOTAKBANK,Banking
2023-09-08,359.3999938964844,361.0,356.30999755859375,358.6400146484375,357.8348083496094,11930910,KOTAKBANK,Banking
2023-09-11,360.0,362.29998779296875,359.04998779296875,361.5799865722656,360.7681579589844,11584510,KOTAKBANK,Banking
2023-09-12,363.79998779296875,363.79998779296875,359.2799987792969,362.239990234375,361.42669677734375,17044830,KOTAKBANK,Banking
2023-09-13,360.1199951171875,367.20001220703125,360.1199951171875,364.9200134277344,364.1006774902344,29659350,KOTAKBANK,Banking
2023-09-14,365.6000061035156,366.3500061035156,362.79998779296875,364.30999755859375,363.4920349121094,12797115,KOTAKBANK,Banking
2023-09-15,363.239990234375,364.69000244140625,362.20001220703125,362.7799987792969,361.9654846191406,20607700,KOTAKBANK,Banking
2023-09-18,362.20001220703125,362.3999938964844,358.79998779296875,359.6700134277344,358.86248779296875,19850560,KOTAKBANK,Banking
2023-09-20,357.3900146484375,360.69000244140625,355.1400146484375,357.8900146484375,357.08648681640625,26840715,KOTAKBANK,Banking
2023-09-21,356.79998779296875,358.1600036621094,350.20001220703125,351.1400146484375,350.3516540527344,23923755,KOTAKBANK,Banking
2023-09-22,351.6000061035156,353.9800109863281,350.42999267578125,351.2900085449219,350.50128173828125,18550615,KOTAKBANK,Banking
2023-09-25,352.79998779296875,357.8599853515625,351.3599853515625,356.8800048828125,356.0787353515625,11132835,KOTAKBANK,Banking
2023-09-26,355.2200012207031,356.3599853515625,350.739990234375,352.82000732421875,352.0278625488281,18280835,KOTAKBANK,Banking
2023-09-27,352.79998779296875,354.2200012207031,350.0,353.0299987792969,352.2373962402344,15021030,KOTAKBANK,Banking
2023-09-28,352.44000244140625,354.3800048828125,345.79998779296875,346.6400146484375,345.8617248535156,41315985,KOTAKBANK,Banking
2023-09-29,348.79998779296875,348.79998779296875,346.5899963378906,347.1400146484375,346.3606262207031,17858645,KOTAKBANK,Banking
2023-10-03,346.0,347.0,343.0899963378906,345.4100036621094,344.6344909667969,27674345,KOTAKBANK,Banking
2023-10-04,343.0,345.3999938964844,341.79998779296875,344.4100036621094,343.63671875,31104895,KOTAKBANK,Banking
2023-10-05,346.0,349.3999938964844,344.2300109863281,346.8500061035156,346.0712585449219,14834005,KOTAKBANK,Banking
2023-10-06,347.05999755859375,349.3999938964844,346.0400085449219,348.7799987792969,347.9969482421875,9961615,KOTAKBANK,Banking
2023-10-09,346.0,346.760009765625,343.4100036621094,343.8599853515625,343.08795166015625,9197565,KOTAKBANK,Banking
2023-10-10,345.5,353.739990234375,344.1199951171875,351.2200012207031,350.43145751953125,16844910,KOTAKBANK,Banking
2023-10-11,352.010009765625,355.989990234375,352.010009765625,354.2799987792969,353.48455810546875,17499220,KOTAKBANK,Banking
2023-10-12,355.0,355.3800048828125,352.25,352.7699890136719,351.9779357910156,11919135,KOTAKBANK,Banking
2023-10-13,351.0,353.989990234375,350.42999267578125,352.3999938964844,351.6087951660156,10619635,KOTAKBANK,Banking
2023-10-16,352.20001220703125,352.42999267578125,349.2900085449219,349.95001220703125,349.1643371582031,7899785,KOTAKBANK,Banking
2023-10-17,351.0,354.9599914550781,350.1600036621094,354.30999755859375,353.5144958496094,16086785,KOTAKBANK,Banking
2023-10-18,354.6000061035156,355.0400085449219,349.0199890136719,350.67999267578125,349.89263916015625,15258400,KOTAKBANK,Banking
2023-10-19,348.3999938964844,350.67999267578125,347.1199951171875,347.69000244140625,346.9093933105469,9965895,KOTAKBANK,Banking
2023-10-20,346.70001220703125,354.6400146484375,346.5299987792969,353.9200134277344,353.1253967285156,20361915,KOTAKBANK,Banking
2023-10-23,353.79998779296875,353.79998779296875,344.489990234375,348.1499938964844,347.3683166503906,37732210,KOTAKBANK,Banking
2023-10-25,349.79998779296875,352.3500061035156,344.3999938964844,345.6099853515625,344.8340148925781,17563340,KOTAKBANK,Banking
2023-10-26,345.5400085449219,345.5400085449219,337.79998779296875,338.9700012207031,338.2089538574219,31396400,KOTAKBANK,Banking
2023-10-27,341.6000061035156,341.6000061035156,337.79998779296875,340.5400085449219,339.7754211425781,14874150,KOTAKBANK,Banking
2023-10-30,340.3999938964844,344.17999267578125,337.67999267578125,343.5,342.7287902832031,7557815,KOTAKBANK,Banking
2023-10-31,345.5400085449219,349.3999938964844,343.3699951171875,347.8800048828125,347.0989685058594,24196680,KOTAKBANK,Banking
2023-11-01,346.20001220703125,347.19000244140625,343.57000732421875,344.8800048828125,344.1056823730469,12640525,KOTAKBANK,Banking
2023-11-02,347.0,351.7300109863281,346.4200134277344,347.5400085449219,346.75970458984375,12752790,KOTAKBANK,Banking
2023-11-03,348.0,348.8500061035156,346.0199890136719,346.6499938964844,345.8717041015625,7794790,KOTAKBANK,Banking
2023-11-06,348.79998779296875,349.3999938964844,346.3999938964844,348.0400085449219,347.25860595703125,5933425,KOTAKBANK,Banking
2023-11-07,347.0299987792969,350.8800048828125,345.2200012207031,350.25,349.463623046875,17998015,KOTAKBANK,Banking
2023-11-08,350.6000061035156,352.19000244140625,348.0,349.25,348.46588134765625,18214185,KOTAKBANK,Banking
2023-11-09,349.17999267578125,351.3399963378906,347.82000732421875,348.989990234375,348.2064514160156,9718555,KOTAKBANK,Banking
2023-11-10,346.9200134277344,349.8500061035156,346.9200134277344,349.0899963378906,348.30621337890625,8173995,KOTAKBANK,Banking
2023-11-13,350.20001220703125,350.44000244140625,346.70001220703125,349.6400146484375,348.8550109863281,14276385,KOTAKBANK,Banking
2023-11-15,352.20001220703125,354.4599914550781,350.0299987792969,353.8999938964844,353.1054382324219,17161355,KOTAKBANK,Banking
2023-11-16,354.20001220703125,356.67999267578125,353.0,354.57000732421875,353.77392578125,10395580,KOTAKBANK,Banking
2023-11-17,352.0,356.8500061035156,351.8599853515625,352.9200134277344,352.1276550292969,13554350,KOTAKBANK,Banking
2023-11-20,351.20001220703125,355.19000244140625,350.0199890136719,354.1099853515625,353.31494140625,9618255,KOTAKBANK,Banking
2023-11-21,355.7900085449219,355.7900085449219,352.1300048828125,353.44000244140625,352.6464538574219,13528825,KOTAKBANK,Banking
2023-11-22,351.6000061035156,352.6000061035156,347.5,349.1300048828125,348.3461608886719,22568660,KOTAKBANK,Banking
2023-11-23,348.010009765625,349.760009765625,347.3999938964844,347.8599853515625,347.0789794921875,14181445,KOTAKBANK,Banking
2023-11-24,347.8999938964844,349.8999938964844,346.739990234375,348.79998779296875,348.0168762207031,12809895,KOTAKBANK,Banking
2023-11-28,349.0,349.6000061035156,347.6000061035156,348.45001220703125,347.66766357421875,16746460,KOTAKBANK,Banking
2023-11-29,349.70001220703125,351.8500061035156,348.0400085449219,350.69000244140625,349.90264892578125,17365700,KOTAKBANK,Banking
2023-11-30,351.2900085449219,353.20001220703125,349.19000244140625,351.0899963378906,350.3017578125,31274735,KOTAKBANK,Banking
2023-12-01,352.0,353.20001220703125,349.6499938964844,350.1000061035156,349.31396484375,10011890,KOTAKBANK,Banking
2023-12-04,354.0,365.19000244140625,350.5299987792969,363.7099914550781,362.8934020996094,22895865,KOTAKBANK,Banking
2023-12-05,365.6000061035156,367.3999938964844,361.70001220703125,365.69000244140625,364.86895751953125,27857360,KOTAKBANK,Banking
2023-12-06,366.4100036621094,367.8699951171875,362.6300048828125,364.2799987792969,363.46209716796875,23479400,KOTAKBANK,Banking
2023-12-07,365.0,367.3699951171875,362.67999267578125,365.3699951171875,364.5496520996094,12503210,KOTAKBANK,Banking
2023-12-08,365.3699951171875,368.6000061035156,364.1400146484375,367.69000244140625,366.8644714355469,14927330,KOTAKBANK,Banking
2023-12-11,369.0,372.3299865722656,368.05999755859375,368.80999755859375,367.9819641113281,16029165,KOTAKBANK,Banking
2023-12-12,369.6000061035156,370.6000061035156,363.80999755859375,364.8699951171875,364.05078125,19074810,KOTAKBANK,Banking
2023-12-13,364.79998779296875,367.1499938964844,362.6199951171875,365.239990234375,364.4199523925781,16256660,KOTAKBANK,Banking
2023-12-14,368.79998779296875,373.0899963378906,366.489990234375,370.7699890136719,369.93756103515625,24394315,KOTAKBANK,Banking
2023-12-15,373.0,373.0,368.54998779296875,370.1199951171875,369.28900146484375,19385985,KOTAKBANK,Banking
2023-12-18,369.0400085449219,371.17999267578125,368.0,369.3900146484375,368.5606689453125,18793650,KOTAKBANK,Banking
2023-12-19,369.9700012207031,370.9700012207031,367.1400146484375,369.30999755859375,368.4808349609375,15444615,KOTAKBANK,Banking
2023-12-20,370.42999267578125,372.79998779296875,363.05999755859375,365.29998779296875,364.4798278808594,19842810,KOTAKBANK,Banking
2023-12-21,364.20001220703125,371.489990234375,361.0,370.5400085449219,369.70806884765625,12019200,KOTAKBANK,Banking
2023-12-22,370.94000244140625,375.92999267578125,370.20001220703125,372.1000061035156,371.26458740234375,16546475,KOTAKBANK,Banking
2023-12-26,373.3999938964844,379.79998779296875,371.42999267578125,377.3699951171875,376.5227355957031,21753345,KOTAKBANK,Banking
2023-12-27,378.79998779296875,382.0,376.6300048828125,380.4700012207031,379.61578369140625,17036215,KOTAKBANK,Banking
2023-12-28,382.20001220703125,385.29998779296875,380.6199951171875,384.2699890136719,383.4072265625,24750070,KOTAKBANK,Banking
2023-12-29,382.4200134277344,383.54998779296875,378.010009765625,381.6199951171875,380.76318359375,12230850,KOTAKBANK,Banking
2024-01-01,381.79998779296875,383.79998779296875,378.6199951171875,381.8299865722656,380.97271728515625,7129510,KOTAKBANK,Banking
2024-01-02,381.6000061035156,381.6000061035156,372.0199890136719,373.010009765625,372.1725158691406,25603980,KOTAKBANK,Banking
2024-01-03,372.79998779296875,374.0,369.5299987792969,373.17999267578125,372.3421325683594,18907575,KOTAKBANK,Banking
2024-01-04,374.29998779296875,374.29998779296875,372.1099853515625,372.7200012207031,371.8831787109375,14328830,KOTAKBANK,Banking
2024-01-05,373.1000061035156,373.9800109863281,368.2799987792969,369.5199890136719,368.6903381347656,38996705,KOTAKBANK,Banking
2024-01-08,369.6000061035156,370.2900085449219,363.7200012207031,365.2200012207031,364.4000244140625,61265835,KOTAKBANK,Banking
2024-01-09,367.3999938964844,371.6000061035156,364.20001220703125,365.3299865722656,364.509765625,21696115,KOTAKBANK,Banking
2024-01-10,364.1600036621094,366.5,362.32000732421875,364.1600036621094,363.3424072265625,35263790,KOTAKBANK,Banking
2024-01-11,366.3999938964844,368.2799987792969,363.07000732421875,364.57000732421875,363.7514953613281,20850350,KOTAKBANK,Banking
2024-01-12,365.0,368.510009765625,362.8800048828125,366.6499938964844,365.8267822265625,10863105,KOTAKBANK,Banking
2024-01-15,368.6000061035156,370.7200012207031,367.25,370.29998779296875,369.4685974121094,30861560,KOTAKBANK,Banking
2024-01-16,370.1099853515625,372.19000244140625,368.20001220703125,369.6000061035156,368.77020263671875,23254490,KOTAKBANK,Banking
2024-01-17,364.6099853515625,366.92999267578125,355.2200012207031,355.92999267578125,355.130859375,54184415,KOTAKBANK,Banking
2024-01-18,354.0,358.5400085449219,352.9200134277344,355.45001220703125,354.6519470214844,21467250,KOTAKBANK,Banking
2024-01-19,357.4100036621094,359.989990234375,350.8299865722656,352.8599853515625,352.0677490234375,22801645,KOTAKBANK,Banking
2024-01-23,360.20001220703125,364.9800109863281,352.7799987792969,356.8999938964844,356.09869384765625,33904120,KOTAKBANK,Banking
2024-01-24,357.79998779296875,360.70001220703125,352.5799865722656,357.7200012207031,356.9168701171875,16341755,KOTAKBANK,Banking
2024-01-25,358.0,359.5199890136719,350.4800109863281,353.67999267578125,352.88592529296875,33510850,KOTAKBANK,Banking
2024-01-29,357.05999755859375,366.010009765625,355.20001220703125,364.5799865722656,363.7614440917969,26180740,KOTAKBANK,Banking
2024-01-30,365.0,367.8900146484375,360.6700134277344,364.7200012207031,363.9011535644531,19145935,KOTAKBANK,Banking
2024-01-31,363.20001220703125,368.2900085449219,357.70001220703125,365.04998779296875,364.2303771972656,40587005,KOTAKBANK,Banking
2024-02-01,366.0,366.4100036621094,362.6400146484375,364.54998779296875,363.73150634765625,10360840,KOTAKBANK,Banking
2024-02-02,368.3599853515625,370.0,363.67999267578125,364.5899963378906,363.77142333984375,25249380,KOTAKBANK,Banking
2024-02-05,365.0,365.3900146484375,359.79998779296875,361.6700134277344,360.8580017089844,17304030,KOTAKBANK,Banking
2024-02-06,362.79998779296875,362.79998779296875,356.6300048828125,357.3999938964844,356.5975646972656,23459485,KOTAKBANK,Banking
2024-02-07,358.20001220703125,361.9599914550781,356.79998779296875,358.5199890136719,357.7150573730469,22961120,KOTAKBANK,Banking
2024-02-08,360.30999755859375,360.760009765625,345.4100036621094,345.94000244140625,345.1632995605469,22713870,KOTAKBANK,Banking
2024-02-09,346.0,349.79998779296875,343.79998779296875,348.489990234375,347.70758056640625,20319880,KOTAKBANK,Banking
2024-02-12,348.6000061035156,349.79998779296875,338.2200012207031,341.9100036621094,341.1423645019531,22532445,KOTAKBANK,Banking
2024-02-13,342.6000061035156,349.0199890136719,341.79998779296875,347.42999267578125,346.64996337890625,22461670,KOTAKBANK,Banking
2024-02-14,344.7300109863281,352.9599914550781,342.42999267578125,349.7900085449219,349.0046691894531,19251615,KOTAKBANK,Banking
2024-02-15,351.0,351.489990234375,344.010009765625,347.8500061035156,347.06903076171875,12708350,KOTAKBANK,Banking
2024-02-16,349.989990234375,350.20001220703125,346.44000244140625,347.04998779296875,346.27081298828125,8215730,KOTAKBANK,Banking
2024-02-19,348.79998779296875,348.79998779296875,345.2300109863281,346.2799987792969,345.5025329589844,22239770,KOTAKBANK,Banking
2024-02-20,347.94000244140625,353.7300109863281,347.4700012207031,352.5,351.7085876464844,38055620,KOTAKBANK,Banking
2024-02-21,353.79998779296875,353.79998779296875,348.1099853515625,349.2200012207031,348.4359436035156,20924355,KOTAKBANK,Banking
2024-02-22,348.8999938964844,349.0,342.8399963378906,344.95001220703125,344.175537109375,31003800,KOTAKBANK,Banking
2024-02-23,344.8999938964844,346.54998779296875,343.0799865722656,344.79998779296875,344.0258483886719,17268830,KOTAKBANK,Banking
2024-02-26,344.4200134277344,345.0799865722656,340.3900146484375,341.260009765625,340.4938049316406,29790330,KOTAKBANK,Banking
2024-02-27,342.6000061035156,342.989990234375,339.3999938964844,341.3500061035156,340.5836181640625,22158260,KOTAKBANK,Banking
2024-02-28,342.20001220703125,342.57000732421875,335.0400085449219,336.7200012207031,335.9639892578125,15381635,KOTAKBANK,Banking
2024-02-29,337.3999938964844,340.45001220703125,333.4800109863281,337.8900146484375,337.1313781738281,33034875,KOTAKBANK,Banking
2024-03-01,339.1000061035156,346.04998779296875,339.0,345.5400085449219,344.76422119140625,17220745,KOTAKBANK,Banking
2024-03-04,345.5899963378906,348.29998779296875,343.70001220703125,345.44000244140625,344.6644287109375,13885990,KOTAKBANK,Banking
2024-03-05,345.3800048828125,345.44000244140625,341.7900085449219,343.1400146484375,342.3695983886719,15610970,KOTAKBANK,Banking
2024-03-06,344.57000732421875,354.3900146484375,343.67999267578125,351.95001220703125,351.1598205566406,37258560,KOTAKBANK,Banking
2024-03-07,351.95001220703125,352.9800109863281,349.0,349.6099853515625,348.8250427246094,15696800,KOTAKBANK,Banking
2024-03-11,353.17999267578125,353.9700012207031,344.8500061035156,345.92999267578125,345.1533203125,18200715,KOTAKBANK,Banking
2024-03-12,346.9800109863281,348.69000244140625,341.4700012207031,344.07000732421875,343.2974853515625,51216490,KOTAKBANK,Banking
2024-03-13,344.07000732421875,348.54998779296875,343.44000244140625,345.9100036621094,345.13336181640625,29080415,KOTAKBANK,Banking
2024-03-14,345.0,351.57000732421875,343.8299865722656,348.4800109863281,347.6976013183594,24048165,KOTAKBANK,Banking
2024-03-15,347.1600036621094,351.20001220703125,344.239990234375,347.6600036621094,346.87945556640625,77537270,KOTAKBANK,Banking
2024-03-18,347.4800109863281,348.9700012207031,343.05999755859375,347.5799865722656,346.79962158203125,11570715,KOTAKBANK,Banking
2024-03-19,346.9700012207031,351.3800048828125,346.1099853515625,349.92999267578125,349.1443176269531,22405375,KOTAKBANK,Banking
2024-03-20,350.2799987792969,353.70001220703125,346.1600036621094,353.0799865722656,352.2872619628906,22104430,KOTAKBANK,Banking
2024-03-21,354.4200134277344,358.1300048828125,352.8599853515625,354.42999267578125,353.6342468261719,18918405,KOTAKBANK,Banking
2024-03-22,353.9800109863281,356.5,353.0,355.2799987792969,354.4823303222656,35306415,KOTAKBANK,Banking
2024-03-26,353.0,355.0799865722656,350.0,350.739990234375,349.9525146484375,26518150,KOTAKBANK,Banking
2024-03-27,351.6000061035156,355.9599914550781,350.7799987792969,355.1199951171875,354.32269287109375,41155650,KOTAKBANK,Banking
2024-03-28,355.5899963378906,360.7799987792969,354.8399963378906,357.1000061035156,356.2982482910156,33150360,KOTAKBANK,Banking
2024-04-01,359.0,363.5299987792969,357.29998779296875,358.1400146484375,357.3359375,14429400,KOTAKBANK,Banking
2024-04-02,358.7799987792969,359.6000061035156,350.8900146484375,351.4800109863281,350.6908874511719,34255950,KOTAKBANK,Banking
2024-04-03,350.70001220703125,351.3399963378906,345.79998779296875,346.2300109863281,345.4526672363281,63417755,KOTAKBANK,Banking
2024-04-04,349.3999938964844,350.3399963378906,344.6600036621094,349.8299865722656,349.0445556640625,65626460,KOTAKBANK,Banking
2024-04-05,349.80999755859375,357.44000244140625,348.0199890136719,357.0299987792969,356.2284240722656,32790115,KOTAKBANK,Banking
2024-04-08,358.760009765625,360.3699951171875,357.0199890136719,357.67999267578125,356.8769226074219,13174055,KOTAKBANK,Banking
2024-04-09,358.07000732421875,358.6000061035156,355.1400146484375,356.1199951171875,355.3204345703125,11866155,KOTAKBANK,Banking
2024-04-10,357.7799987792969,365.9800109863281,356.79998779296875,365.19000244140625,364.3700866699219,27629090,KOTAKBANK,Banking
2024-04-12,362.20001220703125,363.6199951171875,359.8699951171875,362.6099853515625,361.79583740234375,19831135,KOTAKBANK,Banking
2024-04-15,357.989990234375,361.94000244140625,356.0,359.6300048828125,358.82257080078125,21599340,KOTAKBANK,Banking
2024-04-16,355.6000061035156,360.9200134277344,355.1300048828125,358.5199890136719,357.7150573730469,20483890,KOTAKBANK,Banking
2024-04-18,358.010009765625,362.6000061035156,356.6199951171875,357.3500061035156,356.5476989746094,21253700,KOTAKBANK,Banking
2024-04-19,352.79998779296875,361.0,352.6000061035156,358.5299987792969,357.72503662109375,19351900,KOTAKBANK,Banking
2024-04-22,362.6000061035156,364.5,360.0,361.989990234375,361.1772766113281,30755695,KOTAKBANK,Banking
2024-04-23,362.0,365.79998779296875,360.6199951171875,362.6099853515625,361.79583740234375,29780025,KOTAKBANK,Banking
2024-04-24,362.3999938964844,369.1000061035156,361.55999755859375,368.55999755859375,367.7325134277344,16475385,KOTAKBANK,Banking
2024-04-25,333.0,339.55999755859375,320.3999938964844,328.489990234375,327.7524719238281,330895395,KOTAKBANK,Banking
2024-04-26,328.489990234375,331.0,321.0,321.70001220703125,320.9777526855469,110734245,KOTAKBANK,Banking
2024-04-29,322.0199890136719,329.45001220703125,321.8999938964844,328.0799865722656,327.3433837890625,56137045,KOTAKBANK,Banking
2024-04-30,328.0799865722656,329.3999938964844,324.0,324.7900085449219,324.060791015625,91032240,KOTAKBANK,Banking
2024-05-02,318.0,318.8999938964844,310.4800109863281,315.1300048828125,314.4224853515625,133202390,KOTAKBANK,Banking
2024-05-03,316.6000061035156,317.5799865722656,308.7699890136719,309.3399963378906,308.64544677734375,80617945,KOTAKBANK,Banking
2024-05-06,321.0,326.6000061035156,318.79998779296875,324.8599853515625,324.130615234375,108041055,KOTAKBANK,Banking
2024-05-07,325.739990234375,329.4700012207031,323.6000061035156,328.7799987792969,328.0418395996094,49333925,KOTAKBANK,Banking
2024-05-08,328.0,331.489990234375,327.2200012207031,329.6700134277344,328.9298400878906,49268765,KOTAKBANK,Banking
2024-05-09,329.6000061035156,332.3699951171875,327.3999938964844,328.6199951171875,327.8822021484375,23280220,KOTAKBANK,Banking
2024-05-10,328.6000061035156,330.6199951171875,323.17999267578125,325.5899963378906,324.8589782714844,58847010,KOTAKBANK,Banking
2024-05-13,325.3999938964844,328.7300109863281,323.20001220703125,328.239990234375,327.5030212402344,29196240,KOTAKBANK,Banking
2024-05-14,328.3999938964844,330.0,326.5,329.260009765625,328.5207824707031,21410130,KOTAKBANK,Banking
2024-05-15,329.94000244140625,330.79998779296875,327.4100036621094,330.1600036621094,329.41876220703125,26304500,KOTAKBANK,Banking
2024-05-16,331.0,335.0,329.44000244140625,334.4100036621094,333.6591796875,34991785,KOTAKBANK,Banking
2024-05-17,334.79998779296875,341.1300048828125,333.0,339.30999755859375,338.5481872558594,48087255,KOTAKBANK,Banking
2024-05-21,338.3999938964844,343.0,338.0,339.6499938964844,338.8874206542969,29050835,KOTAKBANK,Banking
2024-05-22,340.55999755859375,340.989990234375,336.2200012207031,339.9100036621094,339.1468505859375,30293485,KOTAKBANK,Banking
2024-05-23,340.0,342.7200012207031,339.4100036621094,341.80999755859375,341.0425720214844,28406475,KOTAKBANK,Banking
2024-05-24,342.20001220703125,343.57000732421875,338.94000244140625,340.69000244140625,339.92510986328125,24680885,KOTAKBANK,Banking
2024-05-27,340.69000244140625,344.3999938964844,340.5,342.20001220703125,341.4317321777344,17271435,KOTAKBANK,Banking
2024-05-28,342.4599914550781,343.20001220703125,339.6000061035156,340.7300109863281,339.9649963378906,18580705,KOTAKBANK,Banking
2024-05-29,339.6000061035156,342.17999267578125,336.44000244140625,337.57000732421875,336.8121032714844,24762360,KOTAKBANK,Banking
2024-05-30,336.8699951171875,341.5199890136719,336.6000061035156,338.0199890136719,337.2610778808594,27902445,KOTAKBANK,Banking
2024-05-31,340.6000061035156,340.6000061035156,332.1099853515625,336.0799865722656,335.3254089355469,64022380,KOTAKBANK,Banking
2024-06-03,344.2900085449219,347.7699890136719,340.0199890136719,343.6099853515625,342.8385314941406,49005355,KOTAKBANK,Banking
2024-06-04,340.6499938964844,343.1000061035156,320.489990234375,327.5899963378906,326.8544921875,76147340,KOTAKBANK,Banking
2024-06-05,332.510009765625,344.95001220703125,329.0,343.6199951171875,342.8485107421875,72131590,KOTAKBANK,Banking
2024-06-06,344.20001220703125,347.70001220703125,340.760009765625,346.94000244140625,346.16107177734375,31799505,KOTAKBANK,Banking
2024-06-07,346.010009765625,351.7300109863281,344.3999938964844,350.739990234375,349.9525146484375,23040730,KOTAKBANK,Banking
2024-06-10,350.0199890136719,354.69000244140625,347.2300109863281,349.1300048828125,348.3461608886719,24240220,KOTAKBANK,Banking
2024-06-11,349.32000732421875,349.44000244140625,343.4200134277344,344.0,343.2276611328125,20528235,KOTAKBANK,Banking
2024-06-12,344.0199890136719,346.79998779296875,342.5799865722656,343.1499938964844,342.3795471191406,29407880,KOTAKBANK,Banking
2024-06-13,346.2799987792969,347.510009765625,343.79998779296875,345.2699890136719,344.4947814941406,30080725,KOTAKBANK,Banking
2024-06-14,344.6000061035156,346.9800109863281,342.0799865722656,343.44000244140625,342.6689147949219,15768330,KOTAKBANK,Banking
2024-06-18,343.7200012207031,344.92999267578125,340.6499938964844,343.8800048828125,343.10791015625,28536650,KOTAKBANK,Banking
2024-06-19,345.79998779296875,352.6099853515625,343.0,349.3399963378906,348.5556640625,49798990,KOTAKBANK,Banking
2024-06-20,353.0,357.9700012207031,352.05999755859375,353.25,352.4568786621094,46215520,KOTAKBANK,Banking
2024-06-21,354.0,357.79998779296875,349.05999755859375,355.1300048828125,354.3326721191406,95158445,KOTAKBANK,Banking
2024-06-24,351.42999267578125,355.0400085449219,349.95001220703125,354.510009765625,353.7140808105469,21144440,KOTAKBANK,Banking
2024-06-25,355.30999755859375,359.6499938964844,352.6000061035156,356.3800048828125,355.5798645019531,29669295,KOTAKBANK,Banking
2024-06-26,356.0,363.20001220703125,355.2200012207031,359.6300048828125,358.82257080078125,33429660,KOTAKBANK,Banking
2024-06-27,358.20001220703125,367.6000061035156,357.0,366.1099853515625,365.2879943847656,66713845,KOTAKBANK,Banking
2024-06-28,364.44000244140625,369.5899963378906,359.7799987792969,360.5,359.69061279296875,24845035,KOTAKBANK,Banking
2024-07-01,360.5,362.6300048828125,358.0,361.6199951171875,360.80810546875,14507550,KOTAKBANK,Banking
2024-07-02,364.19000244140625,364.19000244140625,347.4200134277344,353.9200134277344,353.1253967285156,48125085,KOTAKBANK,Banking
2024-07-03,353.1600036621094,363.1700134277344,350.44000244140625,362.1400146484375,361.3269348144531,44905015,KOTAKBANK,Banking
2024-07-04,361.32000732421875,367.7099914550781,360.260009765625,366.7699890136719,365.946533203125,25344465,KOTAKBANK,Banking
2024-07-05,364.0,371.5899963378906,363.69000244140625,370.5400085449219,369.70806884765625,17328265,KOTAKBANK,Banking
2024-07-08,370.79998779296875,371.45001220703125,367.0899963378906,370.6400146484375,369.807861328125,19306015,KOTAKBANK,Banking
2024-07-09,372.239990234375,374.0,366.0,369.57000732421875,368.7402648925781,19601055,KOTAKBANK,Banking
2024-07-10,368.6000061035156,368.8999938964844,364.0400085449219,365.9700012207031,365.1483459472656,28148945,KOTAKBANK,Banking
2024-07-11,366.1700134277344,370.3999938964844,364.30999755859375,368.8999938964844,368.0717468261719,23076860,KOTAKBANK,Banking
2024-07-12,368.8999938964844,370.20001220703125,365.25,366.57000732421875,365.7469787597656,21204275,KOTAKBANK,Banking
2024-07-15,367.79998779296875,371.5799865722656,365.3299865722656,368.7099914550781,367.8821716308594,29549980,KOTAKBANK,Banking
2024-07-16,368.4200134277344,369.82000732421875,360.17999267578125,361.05999755859375,360.2493591308594,32713510,KOTAKBANK,Banking
2024-07-18,361.0,366.239990234375,358.6300048828125,365.3500061035156,364.52972412109375,37954190,KOTAKBANK,Banking
2024-07-19,363.70001220703125,366.20001220703125,361.19000244140625,364.32000732421875,363.90045166015625,20694325,KOTAKBANK,Banking
2024-07-22,364.20001220703125,364.20001220703125,349.7799987792969,351.510009765625,351.1051940917969,53711805,KOTAKBANK,Banking
2024-07-23,353.79998779296875,356.1000061035156,347.8299865722656,353.7799987792969,353.3725891113281,30775980,KOTAKBANK,Banking
2024-07-24,353.5899963378906,356.17999267578125,345.80999755859375,349.239990234375,348.8377990722656,37436035,KOTAKBANK,Banking
2024-07-25,346.3999938964844,355.79998779296875,346.3999938964844,355.0299987792969,354.6211242675781,15481985,KOTAKBANK,Banking
2024-07-26,351.6199951171875,365.9700012207031,351.6199951171875,362.7699890136719,362.3522033691406,26546755,KOTAKBANK,Banking
2024-07-29,364.94000244140625,365.3999938964844,356.70001220703125,358.7799987792969,358.3668212890625,40031835,KOTAKBANK,Banking
2024-07-30,358.7799987792969,361.3299865722656,356.260009765625,357.2200012207031,356.8086242675781,28397685,KOTAKBANK,Banking
2024-07-31,358.6000061035156,363.20001220703125,354.6300048828125,361.5799865722656,361.16357421875,29031285,KOTAKBANK,Banking
2024-08-01,361.4200134277344,363.6499938964844,357.25,358.5299987792969,358.1170959472656,19080220,KOTAKBANK,Banking
2024-08-02,356.2200012207031,362.0,355.0,360.69000244140625,360.2746276855469,16212945,KOTAKBANK,Banking
2024-08-05,354.0400085449219,361.1199951171875,353.7099914550781,354.7300109863281,354.3215026855469,24559090,KOTAKBANK,Banking
2024-08-06,357.0,358.44000244140625,352.0,354.1099853515625,353.7021789550781,19620110,KOTAKBANK,Banking
2024-08-07,357.0,357.32000732421875,352.010009765625,355.30999755859375,354.90081787109375,17688725,KOTAKBANK,Banking
2024-08-08,353.3299865722656,356.3599853515625,352.5299987792969,354.54998779296875,354.1416931152344,12361105,KOTAKBANK,Banking
2024-08-09,357.010009765625,357.0899963378906,353.0,353.92999267578125,353.52239990234375,12322215,KOTAKBANK,Banking
2024-08-12,352.20001220703125,358.2099914550781,350.25,354.510009765625,354.10174560546875,22722215,KOTAKBANK,Banking
2024-08-13,352.6000061035156,358.29998779296875,349.2200012207031,350.4100036621094,350.0064697265625,17651595,KOTAKBANK,Banking
2024-08-14,351.0,352.0,348.9100036621094,349.5799865722656,349.1773986816406,12928245,KOTAKBANK,Banking
2024-08-16,352.3999938964844,357.1499938964844,349.20001220703125,355.4599914550781,355.0506286621094,14809355,KOTAKBANK,Banking
2024-08-19,356.1099853515625,358.0,354.20001220703125,356.2699890136719,355.8597106933594,10861395,KOTAKBANK,Banking
2024-08-20,356.6000061035156,362.6099853515625,355.25,361.1300048828125,360.714111328125,15577430,KOTAKBANK,Banking
2024-08-21,360.0,363.3999938964844,357.4700012207031,362.5899963378906,362.17242431640625,28585950,KOTAKBANK,Banking
2024-08-22,362.79998779296875,364.8599853515625,361.1600036621094,364.29998779296875,363.8804626464844,16089940,KOTAKBANK,Banking
2024-08-23,364.29998779296875,365.5799865722656,362.5400085449219,363.6000061035156,363.1812744140625,9075930,KOTAKBANK,Banking
2024-08-26,364.0,364.5899963378906,361.94000244140625,362.5,362.0825500488281,11781285,KOTAKBANK,Banking
2024-08-27,362.2099914550781,362.6199951171875,358.3399963378906,360.6700134277344,360.2546691894531,22708480,KOTAKBANK,Banking
2024-08-28,359.20001220703125,361.17999267578125,357.1700134277344,358.260009765625,357.8474426269531,21403980,KOTAKBANK,Banking
2024-08-29,356.6499938964844,359.70001220703125,354.6000061035156,355.45001220703125,355.0406799316406,27655790,KOTAKBANK,Banking
2024-08-30,355.4599914550781,358.0,354.8699951171875,356.1600036621094,355.7498474121094,37290860,KOTAKBANK,Banking
2024-09-02,356.3999938964844,358.69000244140625,354.5400085449219,356.04998779296875,355.63995361328125,20242600,KOTAKBANK,Banking
2024-09-03,356.010009765625,357.2900085449219,354.4700012207031,356.760009765625,356.3491516113281,25981365,KOTAKBANK,Banking
2024-09-04,354.0,357.6600036621094,352.70001220703125,356.760009765625,356.3491516113281,15962215,KOTAKBANK,Banking
2024-09-05,356.25,357.2699890136719,352.0,355.5899963378906,355.18048095703125,17865025,KOTAKBANK,Banking
2024-09-06,353.510009765625,356.3900146484375,351.29998779296875,352.8299865722656,352.42364501953125,16274400,KOTAKBANK,Banking
2024-09-09,353.5400085449219,358.7900085449219,351.69000244140625,358.0299987792969,357.61767578125,17182305,KOTAKBANK,Banking
2024-09-10,359.6000061035156,359.92999267578125,355.6099853515625,358.32000732421875,357.9073486328125,17488060,KOTAKBANK,Banking
2024-09-11,359.0,361.0899963378906,357.0,357.8500061035156,357.4378967285156,18669360,KOTAKBANK,Banking
2024-09-12,360.7799987792969,366.8299865722656,359.0299987792969,365.489990234375,365.069091796875,31827540,KOTAKBANK,Banking
2024-09-13,367.3999938964844,367.3999938964844,363.3500061035156,364.07000732421875,363.6507263183594,10283600,KOTAKBANK,Banking
2024-09-16,366.6000061035156,369.1400146484375,365.6600036621094,366.260009765625,365.8382263183594,13653170,KOTAKBANK,Banking
2024-09-17,367.8800048828125,370.67999267578125,366.1300048828125,369.3299865722656,368.9046630859375,18374310,KOTAKBANK,Banking
2024-09-18,370.0,371.8900146484375,367.1199951171875,367.94000244140625,367.5162658691406,34387495,KOTAKBANK,Banking
2024-09-19,369.9800109863281,375.0,369.0199890136719,374.3900146484375,373.9588623046875,14462150,KOTAKBANK,Banking
2024-09-20,374.79998779296875,385.260009765625,374.0,380.8999938964844,380.4613342285156,94247895,KOTAKBANK,Banking
2024-09-23,382.989990234375,388.3999938964844,381.6400146484375,386.94000244140625,386.494384765625,18431360,KOTAKBANK,Banking
2024-09-24,387.0,387.7200012207031,381.9200134277344,382.94000244140625,382.4989929199219,18546930,KOTAKBANK,Banking
2024-09-25,382.010009765625,384.5400085449219,378.8599853515625,379.5899963378906,379.1528625488281,16537335,KOTAKBANK,Banking
2024-09-26,379.0,382.6600036621094,376.8599853515625,380.4599914550781,380.0218505859375,21022565,KOTAKBANK,Banking
2024-09-27,380.0,382.0,373.260009765625,374.489990234375,374.0587158203125,33215560,KOTAKBANK,Banking
2024-09-30,371.3399963378906,376.8900146484375,368.6199951171875,370.7900085449219,370.3630065917969,16234200,KOTAKBANK,Banking
2024-10-01,369.3999938964844,376.95001220703125,369.3999938964844,375.8800048828125,375.4471435546875,24357630,KOTAKBANK,Banking
2024-10-03,371.5799865722656,372.7300109863281,363.1600036621094,364.55999755859375,364.1401672363281,31816160,KOTAKBANK,Banking
2024-10-04,363.1000061035156,370.0,359.6700134277344,361.79998779296875,361.3833312988281,18673160,KOTAKBANK,Banking
2024-10-07,362.0,367.2799987792969,353.8800048828125,358.04998779296875,357.6376647949219,37233165,KOTAKBANK,Banking
2024-10-08,360.0,362.79998779296875,356.3699951171875,360.67999267578125,360.2646179199219,25485515,KOTAKBANK,Banking
2024-10-09,360.20001220703125,364.0,357.9800109863281,360.1600036621094,359.7452392578125,35394010,KOTAKBANK,Banking
2024-10-10,361.9800109863281,376.79998779296875,361.05999755859375,375.2200012207031,374.78790283203125,29528990,KOTAKBANK,Banking
2024-10-11,374.44000244140625,378.7200012207031,372.2300109863281,376.4800109863281,376.04644775390625,26057900,KOTAKBANK,Banking
2024-10-14,377.010009765625,383.20001220703125,376.489990234375,382.1600036621094,381.71990966796875,21955690,KOTAKBANK,Banking
2024-10-15,382.44000244140625,383.07000732421875,377.489990234375,379.0400085449219,378.6034851074219,21477465,KOTAKBANK,Banking
2024-10-16,376.79998779296875,378.489990234375,373.6300048828125,375.2699890136719,374.83782958984375,15727780,KOTAKBANK,Banking
2024-10-17,375.2699890136719,375.6600036621094,370.260009765625,372.80999755859375,372.38067626953125,17707160,KOTAKBANK,Banking
2024-10-18,373.6000061035156,375.70001220703125,369.6000061035156,374.2099914550781,373.779052734375,19173835,KOTAKBANK,Banking
2024-10-21,370.0,371.0,347.0,357.8399963378906,357.4278869628906,65890685,KOTAKBANK,Banking
2024-10-22,358.3900146484375,359.1000061035156,351.7699890136719,352.6300048828125,352.2239074707031,27471910,KOTAKBANK,Banking
2024-10-23,352.2300109863281,357.4100036621094,351.6199951171875,353.55999755859375,353.15283203125,14180685,KOTAKBANK,Banking
2024-10-24,353.20001220703125,354.54998779296875,350.05999755859375,352.44000244140625,352.03411865234375,11584100,KOTAKBANK,Banking
2024-10-25,353.0,357.29998779296875,351.3999938964844,353.7699890136719,353.3625793457031,14146135,KOTAKBANK,Banking
2024-10-28,353.6000061035156,356.1300048828125,349.010009765625,349.9700012207031,349.56695556640625,16510740,KOTAKBANK,Banking
2024-10-29,348.70001220703125,353.42999267578125,346.1400146484375,352.0400085449219,351.63458251953125,20790595,KOTAKBANK,Banking
2024-10-30,345.3999938964844,352.0,345.32000732421875,346.9200134277344,346.5205078125,21929745,KOTAKBANK,Banking
2024-10-31,345.4700012207031,349.32000732421875,344.7900085449219,346.2200012207031,345.8212890625,14723350,KOTAKBANK,Banking
2024-11-01,347.9200134277344,350.8299865722656,347.2699890136719,348.8800048828125,348.4782409667969,912445,KOTAKBANK,Banking
2024-11-04,348.79998779296875,348.79998779296875,344.8500061035156,345.8699951171875,345.4716796875,14424150,KOTAKBANK,Banking
2024-11-05,344.29998779296875,352.1000061035156,342.20001220703125,351.42999267578125,351.0252685546875,20143075,KOTAKBANK,Banking
2024-11-06,352.0199890136719,353.69000244140625,349.32000732421875,352.5199890136719,352.114013671875,18261260,KOTAKBANK,Banking
2024-11-07,352.6000061035156,353.0,346.6000061035156,349.3800048828125,348.9776611328125,15304920,KOTAKBANK,Banking
2024-11-08,349.0,352.82000732421875,347.7799987792969,349.1600036621094,348.7579040527344,18234125,KOTAKBANK,Banking
2024-11-11,349.0,352.6600036621094,347.44000244140625,348.79998779296875,348.3983154296875,16025150,KOTAKBANK,Banking
2024-11-12,348.9599914550781,349.8800048828125,343.0400085449219,344.2799987792969,343.8835144042969,16141950,KOTAKBANK,Banking
2024-11-13,342.79998779296875,345.6300048828125,335.80999755859375,337.57000732421875,337.1812438964844,17967450,KOTAKBANK,Banking
2024-11-14,338.0,342.5199890136719,337.9599914550781,341.5799865722656,341.1866149902344,16638790,KOTAKBANK,Banking
2024-11-18,342.79998779296875,345.6499938964844,339.94000244140625,344.54998779296875,344.1531982421875,10412075,KOTAKBANK,Banking
2024-11-19,345.9599914550781,347.9599914550781,342.70001220703125,345.54998779296875,345.15203857421875,13798315,KOTAKBANK,Banking
2024-11-21,343.0199890136719,348.1499938964844,340.75,347.4200134277344,347.0199279785156,16470295,KOTAKBANK,Banking
2024-11-22,346.79998779296875,354.44000244140625,346.5799865722656,352.2900085449219,351.8843078613281,17768630,KOTAKBANK,Banking
2024-11-25,356.3999938964844,358.9200134277344,353.3800048828125,358.1499938964844,357.737548828125,34357160,KOTAKBANK,Banking
2024-11-26,359.0,359.19000244140625,355.0,356.7200012207031,356.3092041015625,11563695,KOTAKBANK,Banking
2024-11-27,356.19000244140625,361.1000061035156,355.82000732421875,356.6400146484375,356.22930908203125,16012220,KOTAKBANK,Banking
2024-11-28,356.6499938964844,357.7799987792969,350.70001220703125,351.8399963378906,351.434814453125,19856975,KOTAKBANK,Banking
2024-11-29,351.3999938964844,354.7200012207031,351.3999938964844,353.04998779296875,352.6434020996094,14939970,KOTAKBANK,Banking
2024-12-02,353.0,354.5199890136719,349.20001220703125,350.7900085449219,350.3860168457031,21326400,KOTAKBANK,Banking
2024-12-03,352.0,352.239990234375,348.0,349.9800109863281,349.57696533203125,19858250,KOTAKBANK,Banking
2024-12-04,350.3999938964844,353.3999938964844,349.2799987792969,351.5,351.09521484375,15933930,KOTAKBANK,Banking
2024-12-05,352.79998779296875,357.7300109863281,349.6000061035156,355.0299987792969,354.6211242675781,28486145,KOTAKBANK,Banking
2024-12-06,354.7799987792969,357.010009765625,352.20001220703125,355.3900146484375,354.9807434082031,12979410,KOTAKBANK,Banking
2024-12-09,353.6199951171875,360.989990234375,353.6199951171875,357.25,356.8385925292969,12770115,KOTAKBANK,Banking
2024-12-10,356.6499938964844,360.55999755859375,356.6499938964844,358.94000244140625,358.5266418457031,9899420,KOTAKBANK,Banking
2024-12-11,359.20001220703125,361.3599853515625,357.989990234375,358.94000244140625,358.5266418457031,11967140,KOTAKBANK,Banking
2024-12-12,358.0,359.2900085449219,353.07000732421875,353.739990234375,353.3326110839844,17441295,KOTAKBANK,Banking
2024-12-13,351.6700134277344,361.79998779296875,349.6099853515625,361.1300048828125,360.714111328125,19467655,KOTAKBANK,Banking
2024-12-16,360.6000061035156,362.6000061035156,358.7699890136719,360.8900146484375,360.4743957519531,14946965,KOTAKBANK,Banking
2024-12-17,359.2200012207031,361.3699951171875,355.0,356.80999755859375,356.3990783691406,17964305,KOTAKBANK,Banking
2024-12-18,356.3999938964844,357.3399963378906,354.07000732421875,356.0,355.59002685546875,17647150,KOTAKBANK,Banking
2024-12-19,352.69000244140625,353.6000061035156,349.0799865722656,352.4200134277344,352.01416015625,20370400,KOTAKBANK,Banking
2024-12-20,351.0,353.7699890136719,346.6700134277344,348.7099914550781,348.30841064453125,73428440,KOTAKBANK,Banking
2024-12-23,349.5,352.8399963378906,348.0,349.07000732421875,348.6679992675781,13740180,KOTAKBANK,Banking
2024-12-24,348.510009765625,350.92999267578125,347.6099853515625,349.80999755859375,349.4071350097656,13563125,KOTAKBANK,Banking
2024-12-26,351.3599853515625,353.8900146484375,348.4100036621094,350.55999755859375,350.1562805175781,5660030,KOTAKBANK,Banking
2024-12-27,352.0,355.44000244140625,350.79998779296875,351.9800109863281,351.5746765136719,12241355,KOTAKBANK,Banking
2024-12-30,353.0,356.20001220703125,346.70001220703125,348.1400146484375,347.73907470703125,27513860,KOTAKBANK,Banking
